key,ticker,company,year,sector,digital,digital_msu,all_body_mentions_company,all_title_mentions_company,log_assets,roa,debt_to_assets,revenue_growth,cash_to_assets,capex_to_assets,total_assets,revenue,capex,debt
AFLT_2020,AFLT,Аэрофлот,2020,Industrials,0.00516079917143945,0.00229270494923296,9,2,27.6468944651,-0.111,7.40059055118e-9,-0.554211535625,0.0923228346457,0.0150590551181,1016000000000,302200000000,15300000000,7519
AFLT_2021,AFLT,Аэрофлот,2021,Industrials,0.0049456695429849,0.0059843400447427,3,0,27.731771019,-0.0311934900542,0.721790235081,0.6271,0.0848101265823,0.0156419529837,1106000000000,491700000000,17300000000,798300000000
AFLT_2022,AFLT,Аэрофлот,2022,Industrials,0.0062148390327236,0.0077170039174103,0,0,27.5871737161,-0.0432556681642,0.63901368718,-0.159446817165,0.112840873472,0.00783617176889,957100000000,413300000000,7500000000,611600000000
AFLT_2023,AFLT,Аэрофлот,2023,Industrials,0.0043072018449746,0.0053331298434823,24,8,27.7389782574,-0.000924596050269,0.670825852783,0.481248487781,0.105026929982,0.0893177737882,1114000000000,612200000000,99500000000,747300000000
AFLT_2024,AFLT,Аэрофлот,2024,Industrials,0.005023923444976,0.0061517429938482,28,3,27.7768515641,0.0554883318928,0.607605877269,0.399542633126,0.0910976663786,0.0794295592048,1157000000000,856800000000,91900000000,703000000000
AKRN_2020,AKRN,Акрон,2020,Industrials,0.00216641018362194,0.000941267872884015,1,0,26.1168933833,0.017,5.23181818182e-9,0.044425087108,0.0704545454545,0.0818181818182,220000000000,119900000000,18000000000,1151
,,,,,,,,,,,,,,,,,,
,,,,,,,,,,,,,,,,,,
AKRN_2023,AKRN,Акрон,2023,Industrials,0.0015981646882934,0.0022683627833842,2,0,26.8075374336,0.0692640692641,0.391205285942,0.104178272981,0.155616313511,0.105946684894,438900000000,198200000000,46500000000,171700000000
AKRN_2024,AKRN,Акрон,2024,Industrials,0.0015109466543324,0.0019734813444341,2,0,26.76042051,0.0945784571292,0.333890613805,0.198789101917,0.0613804633389,0.130164795797,418700000000,237600000000,54500000000,139800000000
ALRS_2020,ALRS,АЛРОСА,2020,Metals & Mining,0.00419381521092424,0.00159626184498846,7,2,26.9751697201,0.062,3.23314065511e-9,-0.0885810243493,0.263198458574,0.0327552986513,519000000000,217100000000,17000000000,1678
,,,,,,,,,,,,,,,,,,
,,,,,,,,,,,,,,,,,,
ALRS_2023,ALRS,АЛРОСА,2023,Metals & Mining,0.0054678802959858,0.0068757776177067,32,1,27.114512709,0.142641635937,0.226952732149,0.0920785375762,0.166443178009,0.106771706336,596600000000,322600000000,63700000000,135400000000
ALRS_2024,ALRS,АЛРОСА,2024,Metals & Mining,0.0048941535602893,0.0059227553255026,28,0,27.2135340326,0.0321846060422,0.298466676788,-0.258834469932,0.134659177167,0.0894185516927,658700000000,239100000000,58900000000,196600000000
AMEZ_2020,AMEZ,Ашинский металлургический завод,2020,Metals & Mining,0.00360943431451864,0.00236480179227083,0,0,23.6024642942,0.03,3.06179775281e-8,-0.0922509225092,0.213483146067,0.0224719101124,17800000000,24600000000,400000000,545
AMEZ_2021,AMEZ,Ашинский металлургический завод,2021,Metals & Mining,0.0020787319734961,0.0027283357152137,0,0,24.1636839318,0.375,0.136217948718,1629.88679978,0.138782051282,0.0153846153846,31200000000,40100000000,480000000,4250000000
,,,,,,,,,,,,,,,,,,
AMEZ_2023,AMEZ,Ашинский металлургический завод,2023,Metals & Mining,0.0015068183530475,0.0022602275295713,8,0,24.6511621915,0.191535433071,0.0277559055118,0.0788863109049,0.120078740157,0.0157480314961,50800000000,46500000000,800000000,1410000000
AMEZ_2024,AMEZ,Ашинский металлургический завод,2024,Metals & Mining,0,0,8,0,24.4392739584,0.11703163017,0.423357664234,-0.197849462366,0.0802919708029,0.0457420924574,41100000000,37300000000,1880000000,17400000000
AQUA_2020,AQUA,ИНАРКТИКА,2020,Industrials,0.00157916537226882,0.00126850988919954,0,0,23.7089477746,0.158,3.39393939394e-8,-0.0522727272727,0.0316666666667,0.0924242424242,19800000000,8340000000,1830000000,672
AQUA_2021,AQUA,ИНАРКТИКА,2021,Industrials,0.0036746143057503,0.0053576437587657,0,0,24.0871074321,0.18339100346,0.287543252595,0.9065,0.0103460207612,0.13598615917,28900000000,15900000000,3930000000,8310000000.000001
AQUA_2022,AQUA,ИНАРКТИКА,2022,Industrials,0.0024073322118452,0.0040895643598816,0,0,24.4774647572,0.241217798595,0.320843091335,0.477987421384,0.007962529274,0.107259953162,42700000000,23500000000,4580000000,13700000000
AQUA_2023,AQUA,ИНАРКТИКА,2023,Industrials,0.0015485430476082,0.0026249693124091,15,0,24.7628021627,0.161971830986,0.255281690141,0.212765957447,0.0156690140845,0.110563380282,56800000000,28500000000,6280000000,14500000000
AQUA_2024,AQUA,ИНАРКТИКА,2024,Industrials,0.0021764539921808,0.0033654427471685,9,0,24.7974076919,0.175170068027,0.239795918367,0.108771929825,0.0255102040816,0.0464285714286,58800000000,31600000000,2730000000,14100000000
,,,,,,,,,,,,,,,,,,
AVAZ_2021,AVAZ,АВТОВАЗ,2021,Industrials,0.0008189337482597,0.0013102939972156,0,0,,,,,,,,,,
AVAZ_2022,AVAZ,АВТОВАЗ,2022,Industrials,0.000542181739319,0.0011927998265018,0,0,,,,,,,,,,
AVAZ_2023,AVAZ,АВТОВАЗ,2023,Industrials,0.0006788098201153,0.0013576196402307,1,0,,,,,,,,,,
AVAZ_2024,AVAZ,АВТОВАЗ,2024,Industrials,0.0008262186725419,0.0017901404571743,1,0,,,,,,,,,,
BANE_2020,BANE,Башнефть,2020,Oil & Gas,0.00209739439081449,0.0012100352254699,1,0,27.3923831437,-0.014,0.175955312936,-0.376784460566,0.0200583978672,0.0850577631078,787700000000,532600000000,67000000000,138600000000
,,,,,,,,,,,,,,,,,,
,,,,,,,,,,,,,,,,,,
BANE_2023,BANE,Башнефть,2023,Oil & Gas,0.0032772007663607,0.0047393364928909,49,0,27.750580351,0.157409050577,,0.492407809111,,0.0581188997338,1127000000000,1032000000000,65500000000,
,,,,,,,,,,,,,,,,,,
CHMF_2020,CHMF,Северсталь,2020,Metals & Mining,0.00392350400987045,0.00180135718692165,11,1,27.0266171452,0.137,3.53221083455e-10,-0.0790521327014,0.0788799414348,0.174414348463,546400000000,485800000000,95300000000,193
CHMF_2021,CHMF,Северсталь,2021,Metals & Mining,0.00430586488492947,0.00197970799307102,5,0,27.1911198305,0.465145163794,0.209439528024,0.7198,0.0481291724887,0.132277596646,644100000000,835500000000,85200000000,134900000000
CHMF_2022,CHMF,Северсталь,2022,Metals & Mining,0.002426614481409,0.0042270058708414,4,1,27.3163103711,0.148493150685,0.139178082192,-0.183482944345,0.255068493151,0.0930136986301,730000000000,682200000000,67900000000.00001,101600000000
CHMF_2023,CHMF,Северсталь,2023,Metals & Mining,0.0024951878519997,0.0042061738076566,12,1,27.6250030436,0.195070422535,0.164084507042,0.0675754910583,0.375855130785,0.0730382293763,994000000000,728300000000,72600000000,163100000000
CHMF_2024,CHMF,Северсталь,2024,Metals & Mining,0.0020507743441057,0.003747966904745,9,0,27.4822890621,0.17359016013,0.125899280576,0.139365646025,0.149222557438,0.137502900905,861800000000,829800000000,118500000000,108500000000
DSKY_2020,DSKY,Детский мир,2020,Retail,0.00673693917542938,0.00523841848431676,3,2,25.2979768154,0.0865979381443,0.20412371134,0.1095,0.0185567010309,0.0247422680412,97000000000,142900000000,2400000000,19800000000
DSKY_2021,DSKY,Детский мир,2021,Retail,0.0078426423394512,0.00683301481988966,6,0,25.4939504614,0.0872881355932,0.244915254237,0.149755073478,0.0322033898305,0.0445762711864,118000000000,164300000000,5260000000,28900000000
DSKY_2022,DSKY,Детский мир,2022,Retail,0.0042099507927829,0.0062329141607435,5,3,25.5190563825,,0.23305785124,,0.0401652892562,,121000000000,,,28200000000
,,,,,,,,,,,,,,,,,,
,,,,,,,,,,,,,,,,,,
FEES_2020,FEES,Россети / ФСК ЕЭС,2020,Energy,0.00588235294117647,0.00297680310347558,2,0,28.868235254,-0.043,2.15264074289e-9,0.0920957215373,0.0677016831109,0.160679048172,3446000000000,1506000000000,553700000000,7418
FEES_2021,FEES,Россети / ФСК ЕЭС,2021,Energy,0.0069212651899374,0.0084962503792968,3,0,28.7039736578,0.0454172366621,0.222058823529,0.2178,0.0668262653899,0.124076607387,2924000000000,1182000000000,362800000000,649300000000
FEES_2022,FEES,Россети / ФСК ЕЭС,2022,Energy,0.0063659474336617,0.0072273462613189,0,0,28.8222125859,0.0382862351869,0.196475235491,0.166666666667,0.0598602248557,0.142418717715,3291000000000,1379000000000,468700000000,646600000000
FEES_2023,FEES,Россети / ФСК ЕЭС,2023,Energy,0.0070850367281789,0.0081274329364626,17,1,28.868235254,-0.0433836331979,0.215264074289,0.0920957215373,0.0677016831109,0.160679048172,3446000000000,1506000000000,553700000000,741800000000
FEES_2024,FEES,Россети / ФСК ЕЭС,2024,Energy,0.0076116557734204,0.0085443899782135,58,0,28.9991515064,0.0359979633401,0.211201629328,0.217795484728,0.0793788187373,0.152367617108,3928000000000,1834000000000,598500000000,829600000000
FESH_2020,FESH,ДВМП / FESCO,2020,Industrials,0.00405757897787653,0.00292242295430393,0,0,24.7251295464,0.147,5.79524680073e-9,0.0970017636684,0.0756855575868,0.0566727605119,54700000000,62200000000,3100000000,317
FESH_2021,FESH,ДВМП / FESCO,2021,Industrials,0.00388867149285854,0.00249461944824888,0,0,25.5074186785,0.311872909699,0.259197324415,0.8279742765273312,0.0928093645485,0.19983277592,119600000000,113700000000,23900000000,31000000000
FESH_2022,FESH,ДВМП / FESCO,2022,Industrials,0.0060755534167468,0.0088426371511068,1,1,25.8370592231,0.232110643416,0.184004810583,0.430079155673,0.184606133494,0.219482862297,166300000000,162600000000,36500000000,30600000000
FESH_2023,FESH,ДВМП / FESCO,2023,Industrials,0.0042720938760542,0.0058672533920058,14,2,26.0737011578,0.178927384907,0.125771238728,0.0578105781058,0.0220218319886,0.281442809682,210700000000,172000000000,59300000000,26500000000
FESH_2024,FESH,ДВМП / FESCO,2024,Industrials,0.0048218174276727,0.0069648473955272,0,0,26.3526838963,0.0962298025135,0.116696588869,0.0755813953488,0.0728904847397,0.0754039497307,278500000000,185000000000,21000000000,32500000000
FIVE_2020,FIVE,X5 Retail Group,2020,Retail,0.00336979994779183,0.00263413939580911,4,1,27.7905856856,0.031,2.23358908781e-10,0.140715109573,0.0170502983802,0.0766410912191,1173000000000,1978000000000,89900000000,262
FIVE_2021,FIVE,X5 Retail Group,2021,Retail,0.0073377710304021,0.0097804507765969,3,0,27.8833350445,0.035,2.28671328671e-9,0.114762386249,0.020979020979,0.0760683760684,1287000000000,2205000000000,97900000000,2943
FIVE_2022,FIVE,X5 Retail Group,2022,Retail,0.0058326525124874,0.00816985015047,10,3,27.9326060935,0.039,1.73446745562e-9,0.181405895692,0.0319526627219,0.0603550295858,1352000000000,2605000000000,81600000000,2345
FIVE_2023,FIVE,X5 Retail Group,2023,Retail,0.0053089731834595,0.0068371424366941,28,7,28.0903428968,0.057,1.44156664561e-9,0.207677543186,0.0257738471257,0.0937460518004,1583000000000,3146000000000,148400000000,2282
FIVE_2024,FIVE,X5 Retail Group,2024,Retail,0.0051883619239825,0.0071476622939791,13,3,28.2424157946,0.06,1.56646771568e-9,0.242212333121,0.141399891481,0.0852957135106,1843000000000,3908000000000,157200000000,2887
FLOT_2020,FLOT,Совкомфлот,2020,Industrials,0.0031902166688821,0.00279143958527183,7,2,27.0724048283,0.038,3.06468531469e-9,0.181929181929,4.72027972028e-11,1.5034965035e-10,572000000000,96800000000,86,1753
,,,,,,,,,,,,,,,,,,
,,,,,,,,,,,,,,,,,,
FLOT_2023,FLOT,Совкомфлот,2023,Industrials,0.0042686537702329,0.0052062771417291,20,7,27.1656467551,0.13298295907,0.212772734512,0.757360406091,0.178690874343,0.0823379519032,627900000000,173100000000,51700000000,133600000000
FLOT_2024,FLOT,Совкомфлот,2024,Industrials,0.0041291032964007,0.0051155001949854,7,3,27.2449173613,0.0679711637487,0.199352655583,-0.182553437319,0.197881418273,0.0286891275563,679700000000,141500000000,19500000000,135500000000
GAZP_2020,GAZP,Газпром,2020,Oil & Gas,0.00538201772899958,0.00253271422541157,23,4,30.7817037495,0.006,2.10131894484e-10,-0.174696435566,0.0443216855087,0.0651764302843,23352000000000,6321000000000,1522000000000,4907
GAZP_2021,GAZP,Газпром,2021,Oil & Gas,0.00485981308411215,0.00224299065420561,38,3,30.9285972093,0.0773838133619,0.180574555404,0.6202,0.0744629718638,0.0715051576885,27047000000000,10241000000000,1934000000000,4884000000000
GAZP_2022,GAZP,Газпром,2022,Oil & Gas,0.0044438240152625,0.0057467252972243,27,4,30.8940669245,0.0469210455815,0.19388418998,0.139927741432,0.0443185732328,0.0838914615944,26129000000000,11674000000000,2192000000000,5066000000000
GAZP_2023,GAZP,Газпром,2023,Oil & Gas,0.0049100199955565,0.006198622528327,51,11,30.9884059246,0.0252141812356,0.231838127743,-0.268288504369,0.0557915999164,0.0949710942397,28714000000000,8542000000000,2727000000000,6657000000000
GAZP_2024,GAZP,Газпром,2024,Oil & Gas,0.0049057931357986,0.006234852630756,25,5,31.0552186218,0.0466805655092,0.21874389211,0.254390072583,0.0323148087823,0.0935565834908,30698000000000,10715000000000,2872000000000,6715000000000
GMKN_2020,GMKN,Норильский никель,2020,Metals & Mining,0.00456301389282677,0.00184292599943295,14,1,28.0556350429,0.16,4.65467625899e-9,0.272499430394,0.250817527796,0.0841726618705,1529000000000,1117000000000,128700000000,7117
GMKN_2021,GMKN,Норильский никель,2021,Metals & Mining,0.00359835345266176,0.00123028537070441,23,0,28.1854807767,0.275071797817,0.436358414704,86.9348334112,0.236703044227,0.116542217117,1741000000000,1317000000000,202900000000,759700000000
GMKN_2022,GMKN,Норильский никель,2022,Metals & Mining,0.0039508268982743,0.0051507681256428,5,1,28.2265554676,0.221499448732,0.445259095921,-0.100227790433,0.0729878721058,0.158654906284,1814000000000,1185000000000,287800000000,807700000000
GMKN_2023,GMKN,Норильский никель,2023,Metals & Mining,0.003669474309665,0.004841779012534,31,1,28.3800759284,0.099621749409,0.411867612293,-0.010970464135,0.0906855791962,0.119858156028,2115000000000,1172000000000,253500000000,871100000000
GMKN_2024,GMKN,Норильский никель,2024,Metals & Mining,0.0035642374642764,0.0046034684333593,25,3,28.4879863817,0.0519524617997,0.429117147708,-0.00511945392491,0.0786078098472,0.101782682513,2356000000000,1166000000000,239800000000,1011000000000
HYDR_2020,HYDR,РусГидро,2020,Energy,0.00736674396226713,0.00233464262615746,3,1,27.5712711115,0.071,2.18683651805e-10,0.0441898527005,0.12101910828,0.062101910828,942000000000,382800000000,58500000000,206
HYDR_2021,HYDR,РусГидро,2021,Energy,0.0068483663952969,0.0076947937025808,1,0,27.558987913,0.0842557764643,0.1836646964,0.0606,0.0717893605588,0.0830736163353,930500000000,406000000000,77300000000,170900000000
HYDR_2022,HYDR,РусГидро,2022,Energy,0.0072355327913111,0.008269180332927,1,0,27.6243992396,0.0449969800685,0.223273605798,0.0310344827586,0.0414737265955,0.112844775518,993400000000,418600000000,112100000000,221800000000
HYDR_2023,HYDR,РусГидро,2023,Energy,0.0070745818136083,0.0080650232675135,27,3,27.7828834652,0.0675257731959,0.306271477663,0.219063545151,0.0298109965636,0.165549828179,1164000000000,510300000000,192700000000,356500000000
HYDR_2024,HYDR,РусГидро,2024,Energy,0.0074238306393935,0.008525246745816,20,1,27.9429078771,0.0493411420205,0.415446559297,0.136194395454,0.0668374816984,0.145900439239,1366000000000,579800000000,199300000000,567500000000
IRAO_2020,IRAO,Интер РАО,2020,Energy,0.00663927593188043,0.00290778452621968,4,2,27.4859953439,0.087,3.52601156069e-10,-0.0445736434109,0.382658959538,0.0329479768786,865000000000,986000000000,28500000000,305
,,,,,,,,,,,,,,,,,,
IRAO_2022,IRAO,Интер РАО,2022,Energy,0.0073564829005561,0.0090642378596137,2,0,27.746133923,0.104723707665,0.0118538324421,0.0309698451508,0.414527629234,0.0489304812834,1122000000000,1265000000000,54900000000,13300000000
IRAO_2023,IRAO,Интер РАО,2023,Energy,0.0070891556396329,0.0086688574465387,28,3,27.8926158536,0.104618937644,0.0147806004619,0.0750988142292,0.42817551963,0.0515011547344,1299000000000,1360000000000,66900000000.00001,19200000000
IRAO_2024,IRAO,Интер РАО,2024,Energy,0.0071395846059865,0.0086381337813072,7,1,28.0101422487,0.0986995208761,0.00759753593429,0.138235294118,0.358179329227,0.07871321013,1461000000000,1548000000000,115000000000,11100000000
KAZT_2020,KAZT,Куйбышевазот,2020,Industrials,0.00343297600155456,0.00136023577420086,0,0,10.8444896017333,0.0127911613960977,0.526637292209093,-0.07623474521683118,0.044862807931103546,-0.09021201110125604,69902000000,53062000000,-6306000000,24510000000
KAZT_2021,KAZT,Куйбышевазот,2021,Industrials,0.000037305080952025664,0.0001492203238081,0,0,25.2406971086,0.231441048035,0.204148471616,0.6478,0.150655021834,0.0433406113537,91600000000,87500000000,3970000000,18700000000
,,,,,,,,,,,,,,,,,,
KAZT_2023,KAZT,Куйбышевазот,2023,Industrials,0.0033774695878291,0.0044833667095077,21,0,25.5132544599,0.1072319202,0.0980881130507,-0.175331294597,0.193682460515,0.0541978387365,120300000000,80900000000,6520000000,11800000000
KAZT_2024,KAZT,Куйбышевазот,2024,Industrials,0.003597871011864,0.0046980464452439,24,0,25.8034271937,0.077736318408,0.25684079602,0.00123609394314,0.135572139303,0.05907960199,160800000000,81000000000,9500000000,41300000000
KMAZ_2020,KMAZ,КАМАЗ,2020,Industrials,0.0043776479894243,0.00295816312156642,1,0,26.1548020473,0.014,4.16192560175e-9,0.120273109244,0.0800875273523,0.0603938730853,228500000000,213300000000,13800000000,951
,,,,,,,,,,,,,,,,,,
KMAZ_2022,KMAZ,КАМАЗ,2022,Industrials,0.0044502132393843,0.0051919154459484,1,1,26.5492659443,0.0551622418879,0.355752212389,0.0858098068351,0.162536873156,0.0480825958702,339000000000,292300000000,16300000000,120600000000
KMAZ_2023,KMAZ,КАМАЗ,2023,Industrials,0.0051553773449806,0.0063726192181011,9,0,26.8723749531,0.0420670510357,0.307495195388,0.266849127609,0.195601110399,0.0679051889814,468300000000,370300000000,31800000000,144000000000
KMAZ_2024,KMAZ,КАМАЗ,2024,Industrials,0.0044802867383512,0.0060483870967741,24,2,27.0449330077,-0.000319856244385,0.40539083558,0.0631920064812,0.117520215633,0.052111410602,556500000000,393700000000,29000000000,225600000000
KUBE_2020,KUBE,Россети Кубань,2020,Energy,0.00598675869840823,0.00289779244561608,0,0,25.0526825213,-0.0163372859025,0.388669301713,-0.0294,0.0098814229249,0.064558629776,75900000000,49600000000,4900000000,29500000000
KUBE_2021,KUBE,Россети Кубань,2021,Energy,0.0058557857031615,0.00268909307999792,0,0,25.0657717135,0.0241872561769,0.336801040312,0.16935483871,0.0257477243173,0.0781534460338,76900000000,58000000000,6010000000,25900000000
KUBE_2022,KUBE,Россети Кубань,2022,Energy,0.0060286605782626,0.0070307217284332,0,0,25.1926162998,0.0652920962199,0.285223367698,0.106896551724,0.0481099656357,0.126002290951,87300000000,64200000000,11000000000,24900000000
KUBE_2023,KUBE,Россети Кубань,2023,Energy,0.0052749210715513,0.0062283142133725,0,0,25.3914108221,0.0640375586854,0.214084507042,0.169781931464,0.123004694836,0.142723004695,106500000000,75100000000,15200000000,22800000000
KUBE_2024,KUBE,Россети Кубань,2024,Energy,0.0054216464253575,0.006403343720484,0,0,25.5854011227,0.0889404485692,0.201082753287,0.179760319574,0.134570765661,0.15313225058,129300000000.00002,88600000000,19800000000,26000000000
KZOS_2020,KZOS,Казаньоргсинтез,2020,Industrials,0.00229095074455899,0.000996065541112605,0,0,25.0407539505,0.112,0,-0.133608815427,0.102666666667,0.0809333333333,75000000000,62900000000,6070000000,
,,,,,,,,,,,,,,,,,,
KZOS_2022,KZOS,Казаньоргсинтез,2022,Industrials,0.0025529500756429,0.0039712556732223,0,0,25.9289195186,0.0581459133297,0.0603400987383,0.0532128514056,0.00353263850795,0.121228743829,182300000000,104900000000,22100000000,11000000000
KZOS_2023,KZOS,Казаньоргсинтез,2023,Industrials,0.0028699551569506,0.0044843049327354,11,0,26.0943688732,0.0339377033938,0.158530915853,-0.0467111534795,0.00304509530451,0.191073919107,215100000000,100000000000,41100000000,34100000000
KZOS_2024,KZOS,Казаньоргсинтез,2024,Industrials,0.0022502034758462,0.0035428735577153,30,0,25.6923844508,0.0868658790827,0.0771369006254,0.046,0.00447533009034,0.136900625434,143900000000,104600000000,19700000000,11100000000
,,,,,,,,,,,,,,,,,,
LENT_2021,LENT,Лента,2021,Retail,0.0055738535596655,0.0065872814796047,1,0,26.3862263171,0.0472222222222,0.306944444444,0.0855,0.115625,0.106944444444,288000000000,483600000000,30800000000,88400000000
LENT_2022,LENT,Лента,2022,Retail,0.0089327691584391,0.0117536436295251,0,0,26.5754683167,0.0139367816092,0.233045977011,0.111248966088,0.0833333333333,0.0293103448276,348000000000,537400000000,10200000000,81100000000
LENT_2023,LENT,Лента,2023,Retail,0.0063684126731412,0.0080003184206336,2,0,26.8592635348,-0.00569017741238,0.302682821289,0.146073688128,0.0962786672436,0.024015577672,462200000000,615900000000,11100000000,139900000000
LENT_2024,LENT,Лента,2024,Retail,0.005144879028402,0.0065793248541646,0,0,26.928631354,0.0454178441663,0.217803794913,0.442279590843,0.0948728300363,0.0613645538958,495400000000,888300000000,30400000000,107900000000
LKOH_2020,LKOH,ЛУКОЙЛ,2020,Oil & Gas,0.0043720546865201,0.00209643605870021,12,0,29.4214463621,0.003,1.10096795728e-9,-0.280831526591,0.0573765020027,0.0826101468625,5992000000000,5639000000000,495000000000,6597
LKOH_2021,LKOH,ЛУКОЙЛ,2021,Oil & Gas,0.0037603346946907,0.0051050901484211,5,0,29.5574571551,0.112658412236,0.110415149308,0.6725,0.098689002185,0.0630735615441,6865000000000,9431000000000,433000000000,758000000000
LKOH_2022,LKOH,ЛУКОЙЛ,2022,Oil & Gas,0.0039096784488949,0.0054256762147929,11,4,28.4569494077,0.345928196147,0.284413309982,-0.695260311738,0.137872154116,0.000402802101576,2284000000000,2874000000000,920000000,649600000000
LKOH_2023,LKOH,ЛУКОЙЛ,2023,Oil & Gas,0.0036906854130052,0.0051468742154155,48,12,29.7827833192,0.134302325581,0.0460465116279,1.75852470424,0.137209302326,0.0837209302326,8600000000000,7928000000000,720000000000,396000000000
LKOH_2024,LKOH,ЛУКОЙЛ,2024,Oil & Gas,0.0036780159730979,0.0049390500210172,20,4,29.8592058863,0.0853711084779,0.0409350425509,-0.442356205853,0.164386512981,0.0840245610255,9283000000000,4421000000000,780000000000,380000000000
,,,,,,,,,,,,,,,,,,
LSNG_2021,LSNG,Россети Ленэнерго,2021,Energy,0.00601397241628356,0.00318059973055181,0,0,26.1828513511,0.0659574468085,0.139574468085,1130.06751035,0.0343404255319,0.144680851064,235000000000,93500000000,34000000000,32799999999.999996
LSNG_2022,LSNG,Россети Ленэнерго,2022,Energy,0.005641565897154,0.0063438988640527,0,0,26.2649214621,0.078008624069,0.115640925127,0.0181818181818,0.0588004704038,0.113680909447,255100000000,95200000000,29000000000,29500000000
LSNG_2023,LSNG,Россети Ленэнерго,2023,Energy,0.0059420916162489,0.0068218298555377,9,2,26.3138796135,0.0742814483016,0.0996640537514,0.142857142857,0.0877192982456,0.138857782755,267899999999.99997,108800000000,37200000000,26700000000
LSNG_2024,LSNG,Россети Ленэнерго,2024,Energy,0.005689136968656,0.0064763131529984,8,0,26.424378083,0.0708556149733,0.0942513368984,0.127757352941,0.126671122995,0.145053475936,299200000000,122700000000,43400000000,28200000000
LSRG_2020,LSRG,Группа ЛСР,2020,Industrials,0.00212393397970103,0.000956580952689776,3,0,12.5510974898269,0.0439471683770429,0.675189886864609,,,,,,,
LSRG_2021,LSRG,Группа ЛСР,2021,Industrials,0.00159559745355672,0.000830361940116251,1,0,26.5780511851,0.0467182573803,0.485239323588,0.105,0.288048151333,0.0171682430496,348900000000,130500000000,5990000000,169300000000
LSRG_2022,LSRG,Группа ЛСР,2022,Industrials,0.0015811707905853,0.0025829812914906,0,0,26.7544317509,0.0321960595867,0.516818837098,0.0704980842912,0.244113407016,0.0135271504085,416200000000,139700000000,5630000000,215100000000
LSRG_2023,LSRG,Группа ЛСР,2023,Industrials,0.0018234913252025,0.0028541603350995,25,1,26.8878430018,0.0597140454163,0.471194280908,0.690765926986,0.362699747687,0.0241799831791,475600000000,236200000000,11500000000,224100000000
LSRG_2024,LSRG,Группа ЛСР,2024,Industrials,0.0018394124780292,0.0029566852424618,43,0,27.030817681,0.0521232002916,0.468379806816,0.0127011007621,0.33570256971,0.0329870603244,548700000000.00006,239200000000,18100000000,257000000000
MAGN_2020,MAGN,ММК,2020,Metals & Mining,0.00520345937496786,0.00295136925022881,7,1,27.0397082412,0.079,1.29515895954e-9,-0.0592804578904,0.141257225434,0.0910404624277,553600000000,460200000000,50400000000,717
,,,,,,,,,,,,,,,,,,
,,,,,,,,,,,,,,,,,,
MAGN_2023,MAGN,ММК,2023,Metals & Mining,0.0056700252839729,0.0069436582512547,25,5,27.527880357,0.131042128603,0.0779379157428,0.0908831094598,0.179379157428,0.105210643016,902000000000,763400000000,94900000000,70300000000
MAGN_2024,MAGN,ММК,2024,Metals & Mining,0.0055318208603417,0.006673541543901,8,2,27.5402207516,0.0874945247481,0.0517958826106,0.00668063924548,0.134472185721,0.110819097678,913200000000,768500000000,101200000000,47300000000
MGNT_2020,MGNT,Магнит,2020,Retail,0.0067738766223693,0.00346450178395987,3,0,27.5748739553,0.035,1.75692828432e-9,0.135135135135,0.047281573937,0.0339538819547,945400000000,1554000000000,32100000000,1661
MGNT_2021,MGNT,Магнит,2021,Retail,0.00514167090556648,0.00318948569543161,8,2,27.8208146876,0.0427626137304,0.223655913978,0.1943,0.0607113316791,0.0553349875931,1209000000000,1856000000000,66900000000.00001,270399999999.99997
MGNT_2022,MGNT,Магнит,2022,Retail,0.0035829037701393,0.0052472203601396,9,0,27.9646321203,0.0244269340974,0.301074498567,0.26724137931,0.225573065903,0.0349570200573,1396000000000,2352000000000,48800000000,420300000000
MGNT_2023,MGNT,Магнит,2023,Retail,0.0054807597353434,0.0081141578063794,49,12,27.9886955602,0.041048951049,0.281258741259,0.0820578231293,0.166433566434,0.0469230769231,1430000000000,2545000000000,67099999999.99999,402200000000
MGNT_2024,MGNT,Магнит,2024,Retail,0.0066364466475345,0.0095551787111922,41,2,28.0782677581,0.0281969309463,0.263427109974,0.195677799607,0.101982097187,0.100639386189,1564000000000,3043000000000,157400000000,412000000000
MGTS_2020,MGTS,МГТС,2020,Telecoms,0.00464990293891924,0.00501106044873821,0,0,25.540316382,0.105,1.01941747573e-9,0.0377833753149,0.0314724919094,0.061569579288,123600000000,41200000000,7610000000,126
MGTS_2021,MGTS,МГТС,2021,Telecoms,0.0047191011235955,0.00462921348314607,0,0,25.6053098967,0.114480667172,0.0107657316149,-0.0024,0.0183472327521,0.038286580743,131900000000,41100000000,5050000000,1420000000
MGTS_2022,MGTS,МГТС,2022,Telecoms,0.0035513465522343,0.0053270198283515,0,0,25.6993096863,0.113871635611,0,0.036496350365,0.0088336783989,0.0393374741201,144900000000,42600000000,5700000000,0
MGTS_2023,MGTS,МГТС,2023,Telecoms,0.0045873798252891,0.0067834659118637,0,0,25.830422698,0.112590799031,0,0.0234741784038,0.00393462469734,0.0577481840194,165200000000,43600000000,9540000000,0
MGTS_2024,MGTS,МГТС,2024,Telecoms,0.0044229247171656,0.006983565342893,10,0,25.979197487,0.127803860198,0,0.0275229357798,0.00288471570162,0.0362023995827,191700000000,44800000000,6940000000,0
,,,,,,,,,,,,,,,,,,
,,,,,,,,,,,,,,,,,,
,,,,,,,,,,,,,,,,,,
,,,,,,,,,,,,,,,,,,
MRKK_2024,MRKK,Россети Северный Кавказ,2024,Energy,0.0060313530667685,0.0068538103031461,0,0,24.1409925206,-0.514754098361,0.112786885246,0.121649484536,0.207540983607,0.204590163934,30500000000,54400000000,6240000000,3440000000
MRKS_2020,MRKS,Россети Сибирь,2020,Energy,0.00773899446078821,0.00506215048633749,0,0,25.0313767887,-0.007,5.30282637954e-9,-0.0219966159052,0.0157469717362,0.0899057873486,74300000000,57800000000,6680000000,394
MRKS_2021,MRKS,Россети Сибирь,2021,Energy,0.00618088013689883,0.00365233826271295,0,0,25.0631675453,0.00912646675359,0.550195567145,0.0502,0.0177314211213,0.109517601043,76700000000,60700000000,8400000000,42200000000
MRKS_2022,MRKS,Россети Сибирь,2022,Energy,0.0065699668172284,0.0087451585337432,0,0,25.1312038534,-0.00231425091352,0.512789281364,0.0675453047776,0.0343483556638,0.0775883069428,82100000000,64800000000,6370000000,42100000000
MRKS_2023,MRKS,Россети Сибирь,2023,Energy,0.006679146733227,0.0086204904203933,1,0,25.1612001036,-0.0348699763593,0.527186761229,0.0694444444444,0.0212765957447,0.132387706856,84600000000,69300000000,11200000000,44600000000
MRKS_2024,MRKS,Россети Сибирь,2024,Energy,0.0061482615847087,0.00814474505133,0,0,25.2697470266,-0.0103923647932,0.533404029692,0.119769119769,0.0217391304348,0.117709437964,94300000000,77600000000,11100000000,50300000000
MSNG_2020,MSNG,Мосэнерго,2020,Energy,0.00249130103564002,0.000947106178838354,1,0,26.5046264462,0.0441085749537,0.0465761875386,-0.0469,0.150524367674,0.0400987045034,324200000000,181000000000,13000000000,15100000000
MSNG_2021,MSNG,Мосэнерго,2021,Energy,0.0033136094674556,0.0045646661031276,0,0,26.6610658595,0.00762331838565,0.019810076497,0.244198895028,0.126879451332,0.0598786599842,379100000000,225200000000,22700000000,7510000000
MSNG_2022,MSNG,Мосэнерго,2022,Energy,0.0020692974013474,0.0037536092396535,0,0,26.8999643623,0.0429995845451,0,,0.0818446198587,,481400000000,,,0
MSNG_2023,MSNG,Мосэнерго,2023,Energy,0.0020634724113738,0.0037142503404729,12,0,26.7039221853,0.0487743239828,0,,0.108668182967,0.064695476371,395700000000,247200000000,25600000000,0
MSNG_2024,MSNG,Мосэнерго,2024,Energy,0.0016945406321373,0.003057540705813,22,0,,,,0.0598705501618,,,,262000000000,30100000000,
MTLR_2020,MTLR,Мечел,2020,Metals & Mining,0.00176824888103,0.00071835110791844,3,0,25.9900925364,0.004,1.63570691434e-9,-0.075878872259,0.00877192982456,0.0251805985552,193800000000,265500000000,4880000000,317
MTLR_2021,MTLR,Мечел,2021,Metals & Mining,0.00180950814278664,0.000603169380928881,1,0,26.1934334604,0.339368421053,1.19368421053,0.5145009416195857,0.0745263157895,0.0261473684211,237500000000,402100000000,6210000000,283500000000
MTLR_2022,MTLR,Мечел,2022,Metals & Mining,0.0025133057362507,0.0036590774689532,1,0,26.2570505045,0.248913472936,0.951402607665,0.0795821934842,0.0936388779139,0.0644014223627,253100000000,434100000000,16300000000,240800000000
MTLR_2023,MTLR,Мечел,2023,Metals & Mining,0.0021813422525994,0.0032356576746891,30,5,26.3287001886,0.0820154468555,0.854358219934,-0.0649619903248,0.0265906583303,0.112909157779,271899999999.99997,405900000000,30700000000,232300000000
MTLR_2024,MTLR,Мечел,2024,Metals & Mining,0.0030128044187798,0.0044564398694451,21,0,26.2715634088,-0.144470404984,0.898753894081,-0.0453313624045,0.00310358255452,0.0673676012461,256800000000,387500000000,17300000000,230800000000
,,,,,,,,,,,,,,,,,,
MTSS_2021,MTSS,МТС,2021,Telecoms,0.0099129963856414,0.0134331696864808,3,1,27.6468944651,0.0625,0.672736220472,0.0798,0.271161417323,0.109940944882,1016000000000,534400000000,111700000000,683500000000
MTSS_2022,MTSS,МТС,2022,Telecoms,0.0109513149630393,0.0159921408210265,4,1,27.7107560839,0.0301015697138,0.701108033241,-0.000561377245509,0.311172668513,0.103878116343,1083000000000,534100000000,112500000000,759300000000
MTSS_2023,MTSS,МТС,2023,Telecoms,0.0115943439060777,0.0161185704092884,32,8,27.8872125213,0.0422600619195,0.713544891641,0.134618985209,0.348606811146,0.078560371517,1292000000000,606000000000,101500000000,921900000000
MTSS_2024,MTSS,МТС,2024,Telecoms,0.0120405049244,0.0168261894853655,23,1,28.0477558163,0.0207646671061,0.753460777851,0.161221122112,0.379762689519,0.0872775214239,1517000000000,703700000000,132400000000,1143000000000
,,,,,,,,,,,,,,,,,,
MVID_2021,MVID,М.Видео,2021,Retail,0.0064617021969787,0.0101106634376255,3,1,26.8177381341,-0.0168921966622,0.155841226883,0.1397,0.0272891294542,0.0329273793415,443400000000,476400000000,14600000000,69100000000
MVID_2022,MVID,М.Видео,2022,Retail,0.006963926858871,0.0107244473626614,0,0,26.5344068299,-0.0201497005988,0.286526946108,-0.155121746432,0.0904191616766,0.0180838323353,334000000000,402500000000,6040000000,95700000000
MVID_2023,MVID,М.Видео,2023,Retail,0.0069397328784383,0.0105646771473433,20,1,26.6093698684,-0.0144444444444,0.24,0.0792546583851,0.0519444444444,0.0188888888889,360000000000,434400000000,6800000000,86400000000
MVID_2024,MVID,М.Видео,2024,Retail,0.0065273290696907,0.0097580272961033,12,0,26.6299891556,-0.054693877551,0.295238095238,0.0395948434622,0.061768707483,0.0239727891156,367500000000,451600000000,8810000000,108500000000
NKHP_2020,NKHP,Новороссийский комбинат хлебопродуктов,2020,Industrials,0.00252050126025063,0.00124250062125031,0,0,23.2648678304,0.181,2.51181102362e-8,-0.586486486486,0.237795275591,0.0606299212598,12700000000,7650000000,770000000,319
NKHP_2021,NKHP,Новороссийский комбинат хлебопродуктов,2021,Industrials,0.00228026533996683,0.00131288004422333,0,0,23.1480685627,0.210619469027,0.10796460177,-0.166,0.0798230088496,0.0672566371681,11300000000,6380000000,760000000,1220000000
NKHP_2022,NKHP,Новороссийский комбинат хлебопродуктов,2022,Industrials,0.0024654489895131,0.0037502604347524,0,0,23.2489944813,0.1568,0.0288,-0.222570532915,0.1088,0.0904,12500000000,4960000000,1130000000,360000000
NKHP_2023,NKHP,Новороссийский комбинат хлебопродуктов,2023,Industrials,0.0018574332375411,0.0031541319128057,0,0,23.5505794589,0.289349112426,0.0396449704142,0.862903225806,0.272189349112,0.0763313609467,16899999999.999998,9240000000,1290000000,670000000
NKHP_2024,NKHP,Новороссийский комбинат хлебопродуктов,2024,Industrials,0.0021993882951304,0.0036083714216983,17,0,23.6356165016,0.348369565217,0.00554347826087,0.212121212121,0.34347826087,0.0347826086957,18400000000,11200000000,640000000,102000000
,,,,,,,,,,,,,,,,,,
,,,,,,,,,,,,,,,,,,
NKNC_2022,NKNC,Нижнекамскнефтехим,2022,Oil & Gas,0.0026493965263467,0.0042194092827004,0,0,27.1293203999,0.0507018992568,0.301073492981,0.14182895851,0.00943022295623,0.132782824112,605500000000,269700000000,80400000000,182300000000
NKNC_2023,NKNC,Нижнекамскнефтехим,2023,Oil & Gas,0.0029928680590932,0.004775853285787,3,0,27.3257180347,0.0367756819107,0.280635092957,-0.0552465702633,0.0308047224861,0.1544307233,736900000000,254800000000,113800000000,206800000000
NKNC_2024,NKNC,Нижнекамскнефтехим,2024,Oil & Gas,0.0025035765379113,0.0038830983036991,19,0,26.9879965448,0.0604907742058,0.362564200114,0.0156985871272,0.00933992771543,0.144759368461,525700000000.00006,258800000000,76100000000,190600000000
NLMK_2020,NLMK,НЛМК,2020,Metals & Mining,0.00406166568991339,0.00188025004883766,8,3,27.3143907215,0.905563689605,3.53417513039e-9,-0.0227106227106,0.0853692012078,0.111309360417,728600000000,667000000000,81100000000,2575
NLMK_2021,NLMK,НЛМК,2021,Metals & Mining,0.0052744495132171,0.00260237156599258,10,1,27.5294312602,0.410006641576,0.285034314811,110.303407247,0.0444985609918,0.0883329643569,903400000000,1029000000000,79800000000,257500000000
NLMK_2022,NLMK,НЛМК,2022,Metals & Mining,0.0054325888051668,0.0068958557588805,4,2,27.5803592011,0.174731748369,0.175468125394,-0.124586977648,0.131916684199,0.119293078056,950600000000,900800000000,113400000000,166800000000
NLMK_2023,NLMK,НЛМК,2023,Metals & Mining,0.004341534008683,0.004341534008683,33,2,27.7479148674,0.185943060498,0.0820284697509,0.036190053286,0.182028469751,0.09128113879,1124000000000,933400000000,102600000000,92200000000
NLMK_2024,NLMK,НЛМК,2024,Metals & Mining,0.0045898401784734,0.0055772958344,21,2,27.7541233131,0.107692307692,0.0685234305924,0.0494964645382,0.0776304155615,0.1051,1131000000000,979600000000,,77500000000
,,,,,,,,,,,,,,,,,,
NMTP_2021,NMTP,НМТП,2021,Industrials,0.0035744604798713,0.0046914793798311,0,0,25.9134410449,0.192200557103,0.0562674094708,0.207883026065,0.111977715877,0.0299164345404,179500000000,55100000000,5370000000,10100000000
,,,,,,,,,,,,,,,,,,
,,,,,,,,,,,,,,,,,,
,,,,,,,,,,,,,,,,,,
NVTK_2020,NVTK,НОВАТЭК,2020,Oil & Gas,0.00213712239357708,0.00108588921619592,3,0,27.8810013212,0.293302180685,0.139096573209,-0.1647,0.0228971962617,0.00856697819315,1284000000000,487800000000,11000000000,178600000000
NVTK_2021,NVTK,НОВАТЭК,2021,Oil & Gas,0.00359062612871014,0.00146599528331952,1,0,28.5303691271,0.171399511798,0.073230268511,1.37187371874,0.0186737184703,0.0778275020342,2458000000000,1157000000000,191300000000,180000000000
NVTK_2022,NVTK,НОВАТЭК,2022,Oil & Gas,0.0044242409509687,0.0052750565184626,11,2,28.208757445,0.359371492705,0.0604377104377,-0.304494382022,0.0371492704826,0.0695,1782000000000,804700000000,,107700000000
NVTK_2023,NVTK,НОВАТЭК,2023,Oil & Gas,0.0043501579166914,0.0053930039926106,43,10,28.8000918682,0.143833488661,0.0518484001243,0.704983223562,0.04899036968,0.0695246971109,3219000000000,1372000000000,223800000000,166900000000
NVTK_2024,NVTK,НОВАТЭК,2024,Oil & Gas,0.0043208567490191,0.0051956314282684,54,5,28.9501067274,0.131951871658,0.0855614973262,0.126822157434,0.0477005347594,0.0516042780749,3740000000000,1546000000000,193000000000,320000000000
OGKB_2020,OGKB,ОГК-2,2020,Energy,0.00329194163310928,0.00104117223744852,2,1,26.1591688664,0.0535947712418,0.195642701525,-0.1033,0,0.0343355119826,229500000000,120300000000,7880000000,44900000000
OGKB_2021,OGKB,ОГК-2,2021,Energy,0.0040209927152145,0.00117496540379644,0,0,26.0708494448,0.0211327939077,0.173726796763,0.177057356608,0.0918610185626,0.0704426463589,210100000000,141600000000,14800000000,36500000000
OGKB_2022,OGKB,ОГК-2,2022,Energy,0.0024355706598697,0.0042480883602378,0,0,26.0457878922,0.0590531966813,0.153733528551,,0.03186920449,,204900000000,,,31500000000
OGKB_2023,OGKB,ОГК-2,2023,Energy,0.0024359845909811,0.0042488103331067,8,0,26.1322297236,0.0444046553268,0.141002685765,,0.0586392121755,0.079230080573,223400000000,164700000000,17700000000,31500000000
,,,,,,,,,,,,,,,,,,
OMZZ_2020,OMZZ,ОМЗ,2020,Industrials,0.002473454091193,0.00162398500936914,0,0,25.1052924716,-0.1205,0.535,-0.0985,0.123375,0.01,80000000000,43000000000,800000000,42800000000
OMZZ_2021,OMZZ,ОМЗ,2021,Industrials,0.0013725191172305,0.0020914577024465,0,0,25.1834102509,0.00574566473988,0.34450867052,0.286046511628,0.0767630057803,0.0111213872832,86500000000,55300000000,962000000,29800000000
OMZZ_2022,OMZZ,ОМЗ,2022,Industrials,0.0031433183246962,0.0055220457055475,0,0,24.7177900639,0.24861878453,0.335174953959,-0.656419529837,0.202578268877,0.0368,54300000000,19000000000,,18200000000
OMZZ_2023,OMZZ,ОМЗ,2023,Industrials,0.0031500085135365,0.0055337987399965,0,0,25.0232686361,0.046947082768,0.303934871099,0.368421052632,0.128900949796,0.0271370420624,73700000000,26000000000,2000000000,22400000000
OMZZ_2024,OMZZ,ОМЗ,2024,Industrials,0.0020052310374891,0.0035309503051438,0,0,25.1983273376,0.10569476082,0.249430523918,0.05,0.234624145786,0.020728929385,87800000000,27300000000,1820000000,21900000000
PHOR_2020,PHOR,ФосАгро,2020,Industrials,0.00459137841164924,0.00167463318878994,2,1,26.4915868327,0.136,4.971875e-9,0.0233776702942,0.0264375,0.1278125,320000000000,253900000000,40900000000,1591
PHOR_2021,PHOR,ФосАгро,2021,Industrials,0.00399350709239481,0.00166011842178075,4,1,26.728140071,0.32116428219,0.418845584608,0.6562,0.0535273803651,0.118401578688,405400000000,420500000000,48000000000,169800000000
PHOR_2022,PHOR,ФосАгро,2022,Industrials,0.0035636572648519,0.0043519316828837,5,3,26.8448810685,0.400131694469,0.418788410887,0.354340071344,0.0294117647059,0.138279192274,455600000000,569500000000,63000000000,190800000000
PHOR_2023,PHOR,ФосАгро,2023,Industrials,0.0041250198318261,0.0049658892590829,36,8,26.9878063041,0.198059360731,0.47203196347,-0.226865671642,0.0555555555556,0.122146118721,525600000000,440300000000,64200000000,248100000000
PHOR_2024,PHOR,ФосАгро,2024,Industrials,0.004161320022909,0.0051545270667043,31,2,27.10761671,0.169451476793,0.559662447257,0.153077447195,0.017552742616,0.139240506329,592500000000,507700000000,82500000000,331600000000
,,,,,,,,,,,,,,,,,,
PIKK_2021,PIKK,ПИК,2021,Industrials,0.00470252939080869,0.00408502553140957,1,1,27.6902329756,0.097643732328,0.421583411876,17.9805447471,0.314043355325,0.0092931196984,1061000000000,487800000000,9860000000,447300000000
,,,,,,,,,,,,,,,,,,
PIKK_2023,PIKK,ПИК,2023,Industrials,0.0019768489028488,0.0035583280251279,24,6,27.982381965,0.0441942294159,0.465165376495,6.94165535957,0.360098522167,0.00570021111893,1421000000000,585300000000,8100000000,661000000000
PIKK_2024,PIKK,ПИК,2024,Industrials,0.0026115922718187,0.003944037308461,24,1,28.0517031898,0.0368351936967,0.426001313198,0.153425593713,0.408076165463,0.0080761654629,1523000000000,675100000000,12300000000,648800000000
PLZL_2020,PLZL,Полюс,2020,Metals & Mining,0.0025981321536409,0.00109542869180535,9,2,27.0127958619,0.221,4.87288921878e-9,0.412723041117,0.198181480794,0.103915383188,538900000000,364200000000,56000000000,2626
PLZL_2021,PLZL,Полюс,2021,Metals & Mining,0.00304878048780488,0.00203252032520325,4,0,27.1119952956,0.280457066039,0.408502772643,-0.0096,0.167702907074,0.139640396572,595100000000,360700000000,83100000000,243100000000
PLZL_2022,PLZL,Полюс,2022,Metals & Mining,0.0027108213055901,0.004688988204264,8,2,27.2732026613,0.160040045767,0.35426201373,-0.200166343222,0.132437070938,0.129719679634,699200000000,288500000000,90700000000,247700000000
PLZL_2023,PLZL,Полюс,2023,Metals & Mining,0.0036667198075334,0.0048116639371585,45,9,27.4480593542,0.181796349664,0.931916426513,0.627729636049,0.184197886647,0.123318924111,832800000000,469600000000,102700000000,776100000000
PLZL_2024,PLZL,Полюс,2024,Metals & Mining,0.0020378012124917,0.0040246573946711,31,2,27.7725206782,0.265625,0.763715277778,0.479557069847,0.221440972222,0.119618055556,1152000000000,694800000000,137800000000,879800000000
POLY_2020,POLY,Polymetal,2020,Metals & Mining,0.00300055846356262,0.00120211648224748,6,1,26.5052431592,0.234586929716,0.395499383477,0.4236,0.0878545006165,0.124229346486,324400000000,206700000000,40300000000,128300000000.00002
POLY_2021,POLY,Polymetal,2021,Metals & Mining,0.00356218859639021,0.00169664586164275,7,1,26.6705172294,0.175855761693,0.400574862817,0.0299951620706,0.0810033969166,0.14606741573,382700000000,212900000000,55900000000,153300000000
POLY_2022,POLY,Polymetal,2022,Metals & Mining,0.0025921759605374,0.0032559406943677,7,3,26.7816878522,0.070610240823,0.393500116904,-0.0746829497417,0.104044891279,0.127191956979,427700000000,197000000000,54400000000,168300000000
POLY_2023,POLY,Polymetal,2023,Metals & Mining,0.0024556342656831,0.0030033593807054,29,10,27.0570781828,0.077045979052,0.513580685248,0.262944162437,0.134031599503,0.0992366412214,563300000000,248800000000,55900000000,289300000000
POLY_2024,POLY,Polymetal,2024,Metals & Mining,0.0030348799457956,0.0035289301695298,8,2,9.315760490665735,-0.7307878202029966,0.1556307394876752,-0.9946623794212218,0.33639439342677624,-0.1348477525374577,2069000000,1328000000,-279000000,322000000
,,,,,,,,,,,,,,,,,,
,,,,,,,,,,,,,,,,,,
,,,,,,,,,,,,,,,,,,
,,,,,,,,,,,,,,,,,,
,,,,,,,,,,,,,,,,,,
,,,,,,,,,,,,,,,,,,
RASP_2021,RASP,Распадская,2021,Metals & Mining,0.0019008914525432,0.0035395909805977,0,0,26.0789082701,0.300755429651,0.140226628895,2.4407,0.140698772427,0.076015108593,211800000000,153800000000,16100000000.000002,29700000000
RASP_2022,RASP,Распадская,2022,Metals & Mining,0.0039966939528775,0.0049364265253671,1,0,26.1123375668,0.268949771689,0,0.262678803641,0.123744292237,0.0698630136986,219000000000,194200000000,15300000000,0
RASP_2023,RASP,Распадская,2023,Metals & Mining,0.002823691460055,0.0048209366391184,22,0,26.2851006489,0.13292354975,0,-0.043254376931,0.114483288513,0.0706876680753,260300000000,185800000000,18400000000,0
RASP_2024,RASP,Распадская,2024,Metals & Mining,0.0028041552482314,0.0046523484800203,7,0,26.2495152715,-0.046974522293,0,-0.135629709365,0.0353503184713,0.107085987261,251200000000,160600000000,26900000000,0
,,,,,,,,,,,,,,,,,,
RNFT_2021,RNFT,РуссНефть,2021,Oil & Gas,0.003992617424385,0.0043692794455535,0,0,26.3827480527,0.112891986063,0.305574912892,6569.73170732,0.0313588850174,0.0658536585366,287000000000,269399999999.99997,18900000000,87700000000
RNFT_2022,RNFT,РуссНефть,2022,Oil & Gas,0.0038329074547272,0.0049438951227641,1,0,26.3665903426,0.0725920679887,0.273725212465,0.0798069784707,0.00743626062323,0.0956090651558,282400000000,290900000000,27000000000,77300000000
RNFT_2023,RNFT,РуссНефть,2023,Oil & Gas,0.0021749084249084,0.0027963108320251,1,0,26.4937719436,0.0636108512629,0.255690676645,-0.179443107597,0.0302463361397,0.0689117555348,320700000000,238700000000,22100000000,82000000000
,,,,,,,,,,,,,,,,,,
ROSN_2020,ROSN,Роснефть,2020,Oil & Gas,0.00486262165833958,0.00240532735465958,10,1,30.2465904642,0.0113930530165,0.527020109689,-0.3364,0.0362705667276,0.0143327239488,13675000000000,4835000000000,196000000000,7207000000000
ROSN_2021,ROSN,Роснефть,2021,Oil & Gas,0.0027315210952412,0.0036529980912262,7,3,30.4317720345,0.0642279880902,0.369994531203,0.811995863495,0.0408944522088,0.0637418727593,16457000000000,8761000000000,1049000000000,6089000000000
ROSN_2022,ROSN,Роснефть,2022,Oil & Gas,0.0033442330558858,0.0044589774078478,10,3,30.564186257214,0.067,0.143716399638,0.0328729597078,,60254431.255655505,18787,9049000000000,1132000000000,27
ROSN_2023,ROSN,Роснефть,2023,Oil & Gas,0.0026503456378589,0.0037705948249952,22,3,30.5641862572,0.0674402512376,0.143716399638,0.0125980771356,,0.0690371001224,18787000000000,9163000000000,1297000000000,2700000000000
ROSN_2024,ROSN,Роснефть,2024,Oil & Gas,0.0026381598834812,0.0038473164967435,24,2,30.6602848727,0.052412726042,0.175756696644,0.106515333406,,0.0697224639783,20682000000000,10139000000000,1442000000000,3635000000000
,,,,,,,,,,,,,,,,,,
RTKM_2021,RTKM,Ростелеком,2021,Telecoms,0.0152205933927193,0.0220418040260924,2,0,27.7290548562,0.0258386219402,0.402901178604,1061.4542124499999,0.044968268359,0.133998186763,1103000000000,580100000000,147800000000,444400000000
RTKM_2022,RTKM,Ростелеком,2022,Telecoms,0.0148616923548024,0.0211289170154128,0,0,27.7488041516,0.0275555555556,0.399111111111,0.0810205137045,0.0464888888889,0.103911111111,1125000000000,627100000000,116900000000,449000000000
RTKM_2023,RTKM,Ростелеком,2023,Telecoms,0.0148159848365187,0.0218606855157163,39,3,27.8493531102,0.027652733119,0.392202572347,0.128687609632,0.0359324758842,0.118327974277,1244000000000,707800000000,147200000000,487900000000
RTKM_2024,RTKM,Ростелеком,2024,Telecoms,0.0168876885260826,0.0252480805996419,37,2,27.9538289904,0.0110065170167,0.414047791455,0.102006216445,0.0335988414193,0.129471397538,1381000000000,780000000000,178800000000,571800000000
SELG_2020,SELG,Селигдар,2020,Metals & Mining,0.00193357428643672,0.00110064997843321,1,1,25.046073112,0.003,5.39787798408e-9,0.506787330317,0.0474801061008,0.0620689655172,75400000000,33300000000,4680000000,407
SELG_2021,SELG,Селигдар,2021,Metals & Mining,0.00239522414191399,0.0013374348000535,0,0,25.1694402914,0.118405627198,0.457209847597,0.0691,0.00762016412661,0.0997655334115,85300000000,35600000000,8510000000,39000000000
SELG_2022,SELG,Селигдар,2022,Metals & Mining,0.0020843051819796,0.0027989241015155,0,0,25.6366557466,0.0301249081558,0.429831006613,-0.0252808988764,0.138133725202,0.127847171198,136100000000,34700000000,17400000000,58500000000
SELG_2023,SELG,Селигдар,2023,Metals & Mining,0.0016927878978051,0.0025267955937969,20,3,25.6277996002,0.0210526315789,0.435878428466,0.613832853026,0.0763528539659,0.0566345441067,134900000000,56000000000,7640000000,58800000000
SELG_2024,SELG,Селигдар,2024,Metals & Mining,0.0019332253513767,0.0027692146925126,35,0,25.9117683375,0.0306919642857,0.501674107143,0.0589285714286,0.0470424107143,0.0920758928571,179200000000,59300000000,16500000000,89900000000
SIBN_2020,SIBN,Газпром нефть,2020,Oil & Gas,0.00785150341426735,0.00511484353824766,3,1,29.0800555069,0.028,1.84315567035e-10,-0.195171026157,6.1047194177e-12,0.097094623151,4259000000000,2000000000000,413526000000,785
,,,,,,,,,,,,,,,,,,
,,,,,,,,,,,,,,,,,,
SIBN_2023,SIBN,Газпром нефть,2023,Oil & Gas,0.0051157781367797,0.0069384035458348,32,1,29.4317403265,0.105896927651,0.148315163528,0.031652989449,0.0969772051536,0.0945160224645,6054000000000,3520000000000,572200000000,897900000000
SIBN_2024,SIBN,Газпром нефть,2024,Oil & Gas,0.0067103944955862,0.0087896716632327,16,0,29.4460087113,0.078081745644,0.156375183195,0.164772727273,0.0388373229116,0.0823155837811,6141000000000,4100000000000,505500000000,960300000000
SMLT_2020,SMLT,Самолет,2020,Industrials,0.00532864967849488,0.00327458918790188,1,1,26.0564676053,0.031,1.60309029454e-9,0.178082191781,0.144374698213,0.0114920328344,207100000000,60200000000,2380000000,332
SMLT_2021,SMLT,Самолет,2021,Industrials,0.00428027460463048,0.00280719308485505,2,0,26.0564676053,0.0313858039594,0.643167551907,0.5449,0.682761950748,0.0114920328344,207100000000,93000000000,2380000000,133199999999.99998
SMLT_2022,SMLT,Самолет,2022,Industrials,0.0064849719080838,0.0087814318933518,3,1,26.7389350728,0.0278184480234,0.689604685212,0.851612903226,0.640312347487,0.0189116642265,409800000000,172200000000,7750000000,282600000000
SMLT_2023,SMLT,Самолет,2023,Industrials,0.0075651077520615,0.0100143476181504,37,8,27.3377233047,0.0219898096004,0.687181550013,0.487224157956,0.419013140252,0.0115312416197,745800000000,256100000000.00003,8600000000,512500000000
SMLT_2024,SMLT,Самолет,2024,Industrials,0.0068991432436494,0.0094393506688711,15,0,27.5913442988,0.00562896680886,0.667048173967,0.324092151503,0.364062012278,0.0110290292373,961100000000,339100000000,10600000000,641100000000
SNGS_2020,SNGS,Сургутнефтегаз,2020,Oil & Gas,0.00495873751266831,0.00293180831040973,7,0,29.4018973742,0.126446562287,0,-0.3488,0.651633764466,0.0291014295439,5876000000000,1182000000000,171000000000,0
,,,,,,,,,,,,,,,,,,
,,,,,,,,,,,,,,,,,,
SNGS_2023,SNGS,Сургутнефтегаз,2023,Oil & Gas,0.0051523095001355,0.006372593329115,31,7,29.7154501991,0.164427860697,0,-0.0471137521222,0.742164179104,0.032960199005,8040000000000,2245000000000,265000000000,0
SNGS_2024,SNGS,Сургутнефтегаз,2024,Oil & Gas,0.0052533167126702,0.0066334253405751,11,1,29.8888180261,0.0965592972182,0,,0.00326291570801,,9562000000000,,,0
TATN_2020,TATN,Татнефть,2020,Oil & Gas,0.00403289511978114,0.00221185588012739,10,2,27.8653024117,0.082,2.73734177215e-10,-0.14641209911,0.0396360759494,0.082832278481,1264000000000,795800000000,104700000000,346
TATN_2021,TATN,Татнефть,2021,Oil & Gas,0.00592139821402989,0.00309202043837448,2,0,28.0378186693,0.132090545939,0.0214380825566,0.5142,0.104127829561,0.0792942743009,1502000000000,1205000000000,119100000000,32200000000.000004
TATN_2022,TATN,Татнефть,2022,Oil & Gas,0.0046693550832297,0.0058619609269983,4,1,28.147431118,0.169988066826,0.00865155131265,0.184232365145,0.100178997613,0.0960023866348,1676000000000,1427000000000,160900000000,14500000000
TATN_2023,TATN,Татнефть,2023,Oil & Gas,0.005163935344393,0.0064745219719288,47,0,28.3464189054,0.14,0.0111980440098,0.113524877365,0.0411246943765,0.109339853301,2045000000000,1589000000000,223600000000,22900000000
TATN_2024,TATN,Татнефть,2024,Oil & Gas,0.0034476754309594,0.0051541006442625,44,1,28.4217486248,0.138820861678,0.00603174603175,0.277533039648,0.0532879818594,0.0792290249433,2205000000000,2030000000000,174700000000,13300000000
TRMK_2020,TRMK,ТМК,2020,Industrials,0.00576185397997676,0.00351759593805211,1,0,26.7611367569,0.058,4.78042959427e-9,-0.278210116732,0.174224343675,0.026491646778,419000000000,222600000000,11100000000,2003
TRMK_2021,TRMK,ТМК,2021,Industrials,0.0002750148966402,0.0005958656093871,0,0,27.2666019773,0.0100345522603,0.478116901814,1.15145436309,0.138640944428,0.0230348401958,694600000000,429000000000,16000000000,332100000000
,,,,,,,,,,,,,,,,,,
TRMK_2023,TRMK,ТМК,2023,Industrials,0.0042149631190727,0.006190727081138,19,0,27.0947067294,0.0663361258335,0.546418191144,-0.13493324857,0.118994699949,0.0726619935032,584900000000,544299999999.99994,42500000000,319600000000
TRMK_2024,TRMK,ТМК,2024,Industrials,0.0029689608636977,0.0040485829959514,51,0,27.2641515256,-0.034492711791,0.550873141868,-0.0222303876539,0.174628373503,0.041564439313,692900000000,532200000000.00006,28800000000,381700000000
,,,,,,,,,,,,,,,,,,
UNAC_2021,UNAC,ОАК,2021,Industrials,0.0033612889716659,0.0041878354401084,0,0,27.8249418086,-0.0141680395387,0.574299835255,0.084,0.238138385502,0.0602965403624,1214000000000,468200000000,73200000000,697200000000
UNAC_2022,UNAC,ОАК,2022,Industrials,0.0059803614331975,0.0069205055886347,0,0,27.9739013488,-0.0185947480483,0.610220014194,-0.226826142674,0.204613200852,0.0234918381831,1409000000000,362000000000,33100000000,859800000000
UNAC_2023,UNAC,ОАК,2023,Industrials,0.0069598965071151,0.0082276843467011,3,0,28.2445838171,-0.0193827828912,0.408229561451,0.317679558011,0.179750947482,0.04721169464,1847000000000,477000000000,87200000000,754000000000
UNAC_2024,UNAC,ОАК,2024,Industrials,0.007904278462654,0.0090645395213923,2,0,28.4591361569,-0.00668414154653,0.384359982525,0.129769392034,0.14748798602,0.0507645259939,2289000000000,538900000000,116200000000,879800000000
UPRO_2020,UPRO,Юнипро,2020,Energy,0.00442419920539054,0.0019501404392182,3,2,25.6307603721,0.121,0,-0.0622665006227,0.00140428677014,0.0739098300074,135300000000,75300000000,10000000000,
UPRO_2021,UPRO,Юнипро,2021,Energy,0.00368706072128125,0.00182912777969812,3,1,25.5705975801,0.140502354788,0,0.17,0.0063579277865,0.0879120879121,127400000000,88100000000,11200000000,0
UPRO_2022,UPRO,Юнипро,2022,Energy,0.0039335783312916,0.0050632911392405,2,1,25.7096084385,0.145491803279,0,0.200908059024,0.195355191257,0.0403005464481,146400000000,105800000000,5900000000,0
UPRO_2023,UPRO,Юнипро,2023,Energy,0.0038121924994298,0.0051969632791372,23,3,25.8370592231,0.132291040289,0,0.120982986767,0.31328923632,0.0853878532772,166300000000,118600000000,14200000000,0
UPRO_2024,UPRO,Юнипро,2024,Energy,0.0040600041934315,0.0054895831347807,29,0,26.0074842791,0.161764705882,0,0.0817875210793,0.466531440162,0.0669371196755,197200000000,128300000000.00002,13200000000,0
,,,,,,,,,,,,,,,,,,
,,,,,,,,,,,,,,,,,,
,,,,,,,,,,,,,,,,,,
UWGN_2023,UWGN,ОВК,2023,Industrials,0.0021063189568706,0.0048144433299899,2,0,25.4559493432,0.299295774648,0.134683098592,0.957040572792,0.345070422535,0.00880281690141,113600000000,82000000000,1000000000,15300000000
UWGN_2024,UWGN,ОВК,2024,Industrials,0.0021716522909402,0.0043433045818804,1,0,25.2760895426,0.330874604847,0,0.768292682927,0.125395152792,0.0132771338251,94900000000,145000000000,1260000000,0
VSMO_2020,VSMO,ВСМПО-АВИСМА,2020,Metals & Mining,0.00248530325479138,0.00090809157386608,1,0,26.7508212042,0.0159151193634,0.249819146371,-0.1546,0.168555582349,0.0204967446347,414700000000,89100000000,8500000000,103600000000
,,,,,,,,,,,,,,,,,,
,,,,,,,,,,,,,,,,,,
VSMO_2023,VSMO,ВСМПО-АВИСМА,2023,Metals & Mining,0.0033642847530614,0.0051809985197147,0,0,26.8534047787,0.054189336235,0.319260065288,0.255165289256,0.125788900979,0.0176278563656,459500000000,121500000000,8100000000,146700000000
VSMO_2024,VSMO,ВСМПО-АВИСМА,2024,Metals & Mining,0.002420637665122,0.004218825644927,0,0,26.8680950408,0.0214454214025,0.181857173493,-0.151440329218,0.0403173922368,0.0161269568947,466300000000,103100000000,7520000000,84800000000
